timestamp,temp,humd,label
2024-11-07 11:13:34,30.6,84.5,0
2024-11-07 11:13:39,30.5,84.7,0
2024-11-07 11:13:45,30.5,84.8,0
2024-11-07 11:13:50,30.6,90.0,0
2024-11-07 11:13:55,30.6,85.3,0
2024-11-07 11:14:00,30.6,84.6,0
2024-11-07 11:14:06,30.7,87.0,0
2024-11-07 11:15:00,30.7,84.6,0
2024-11-07 11:15:05,30.6,84.5,0
2024-11-07 11:15:10,30.6,86.0,0
2024-11-07 11:15:16,30.7,92.6,0
2024-11-07 11:38:52,30.7,87.8,0
2024-11-07 11:38:57,30.5,85.4,0
2024-11-07 11:39:02,30.5,85.4,0
2024-11-07 11:39:08,30.6,85.4,0
2024-11-07 11:39:13,30.5,85.5,0
2024-11-07 11:39:18,30.6,85.5,0
2024-11-07 11:39:23,30.6,85.5,0
2024-11-07 11:39:29,30.6,85.4,0
2024-11-07 11:39:34,30.6,85.3,0
2024-11-07 11:39:39,30.6,85.2,0
2024-11-07 11:41:09,30.6,85.2,0
2024-11-07 11:41:14,30.6,85.3,0
2024-11-07 11:41:20,30.5,85.4,0
2024-11-07 11:41:25,30.6,85.3,0
2024-11-07 11:41:30,30.6,85.3,0
2024-11-07 11:41:35,30.6,85.3,0
2024-11-07 11:41:41,30.6,85.3,0
2024-11-07 11:41:46,30.6,85.3,0
2024-11-10 12:30:30.541497,29.312758633814568,56.00075653299845,0
2024-11-10 12:30:35.541497,27.52985977452843,59.724645361465846,0
2024-11-10 12:30:40.541497,27.04431910044171,58.39228114841687,0
2024-11-10 12:30:45.541497,20.104134032151844,56.48635802327647,0
2024-11-10 12:30:50.541497,28.507116784162225,39.28427159772789,0
2024-11-10 12:30:55.541497,24.351972842939112,41.76179383870692,1
2024-11-10 12:31:00.541497,20.37836619715026,44.81801410483999,1
2024-11-10 12:31:05.541497,22.75499197977417,59.28161667112614,0
2024-11-10 12:31:10.541497,28.90684870609312,59.38329580671761,0
2024-11-10 12:31:15.541497,21.24397447222233,32.44317924421959,1
2024-11-10 12:31:20.541497,20.27118476104886,52.76009309461884,0
2024-11-10 12:31:25.541497,25.65044474390201,58.67810673967408,0
2024-11-10 12:31:30.541497,28.569261885516703,39.38588245196858,0
2024-11-10 12:31:35.541497,24.534406845914106,31.3619967629057,1
2024-11-10 12:31:40.541497,20.507311387464902,43.19390992158713,1
2024-11-10 12:31:45.541497,26.002080031280112,35.236318348439674,0
2024-11-10 12:31:50.541497,29.269098839165917,53.21511504360629,0
2024-11-10 12:31:55.541497,29.031029894356152,58.06898186638711,0
2024-11-10 12:32:00.541497,29.27233052459289,34.8847001103868,0
2024-11-10 12:32:05.541497,23.24523237896796,44.09451896663102,1
2024-11-10 12:32:10.541497,27.001839068082944,41.20498619337752,0
2024-11-10 12:32:15.541497,26.611184159102947,50.5657474279102,0
2024-11-10 12:32:20.541497,24.486289352596025,39.87710278282657,1
2024-11-10 12:32:25.541497,25.91707567515351,32.31993168090363,0
2024-11-10 12:32:30.541497,20.277676880795187,46.54686991736027,1
2024-11-10 12:32:35.541497,24.207783875584493,46.639532585452194,1
2024-11-10 12:32:40.541497,28.73343880860714,38.86593840137288,0
2024-11-10 12:32:45.541497,20.4282078288338,33.43831910006448,1
2024-11-10 12:32:50.541497,29.690789429174515,30.345759706643445,0
2024-11-10 12:32:55.541497,26.665382844879154,53.82976568050711,0
2024-11-10 12:33:00.541497,27.910575991436566,55.21984382884603,0
2024-11-10 12:33:05.541497,22.520286113825904,43.05828900051204,1
2024-11-10 12:33:10.541497,20.799265969666028,36.17842986044593,1
2024-11-10 12:33:15.541497,22.02756243573427,56.628394951547776,0
2024-11-10 12:33:20.541497,25.55126278108945,50.898386025442974,0
2024-11-10 12:33:25.541497,23.35423134870263,33.52247343005137,1
2024-11-10 12:33:30.541497,28.421293818890035,36.06732106368889,0
2024-11-10 12:33:35.541497,25.93348618385161,57.4549204751328,0
2024-11-10 12:33:40.541497,20.485381689822685,42.78322479243327,1
2024-11-10 12:33:45.541497,28.10985712311689,45.3158341098477,0
2024-11-10 12:33:50.541497,23.711084692319197,53.80208355581608,0
2024-11-10 12:33:55.541497,20.033183669571017,59.14000628012657,0
2024-11-10 12:34:00.541497,29.78702085370941,46.6580344028923,0
2024-11-10 12:34:05.541497,24.29237727976841,38.86277002453839,1
2024-11-10 12:34:10.541497,27.84936893851122,42.85307254392077,0
2024-11-10 12:34:15.541497,26.164473182434055,37.90496353388218,0
2024-11-10 12:34:20.541497,28.612850698522664,39.53774465703176,0
2024-11-10 12:34:25.541497,26.35604529855097,46.92728153740565,0
2024-11-10 12:34:30.541497,26.364912126578595,56.90984135692807,0
2024-11-10 12:34:35.541497,28.411087080972216,39.34697500770067,0
2024-11-10 12:34:40.541497,27.434859243421148,30.175155635144232,0
2024-11-10 12:34:45.541497,28.63274533972607,39.16355590725184,0
2024-11-10 12:34:50.541497,25.70897384253,52.28730688418946,0
2024-11-10 12:34:55.541497,23.10386485681073,37.98816599604364,1
2024-11-10 12:35:00.541497,21.391939356513934,43.11526774639593,1
2024-11-10 12:35:05.541497,25.42685322174881,31.402343474285694,0
2024-11-10 12:35:10.541497,20.879042675487977,32.04104993884049,1
2024-11-10 12:35:15.541497,29.47251462839004,33.296589621617734,0
2024-11-10 12:35:20.541497,22.30919885213448,32.76595021113792,1
2024-11-10 12:35:25.541497,21.369000613378063,37.04956690576833,1
2024-11-10 12:35:30.541497,27.01960367703809,31.216141335258182,0
2024-11-10 12:35:35.541497,21.4590404681377,42.36859367262262,1
2024-11-10 12:35:40.541497,27.23549746344527,41.64777777292292,0
2024-11-10 12:35:45.541497,28.079255923568432,33.38371931597686,0
2024-11-10 12:35:50.541497,20.84721547004956,34.31770040542627,1
2024-11-10 12:35:55.541497,25.98449813059592,44.945710517248926,0
2024-11-10 12:36:00.541497,29.94789852269896,49.14097579319122,0
2024-11-10 12:36:05.541497,22.803756118821813,33.44959034793693,1
2024-11-10 12:36:10.541497,24.023007276158744,38.93563907026381,1
2024-11-10 12:36:15.541497,22.05488389858409,30.554636385667116,1
2024-11-10 12:36:20.541497,27.607799218503057,51.83582404638001,0
2024-11-10 12:36:25.541497,24.01717245569887,33.24637470952693,1
2024-11-10 12:36:30.541497,24.47666393039132,58.7701869020284,0
2024-11-10 12:36:35.541497,20.968956509997724,39.713722141357216,1
2024-11-10 12:36:40.541497,20.45027245329884,59.12496491677567,0
2024-11-10 12:36:45.541497,29.66602174972581,54.32374172718144,0
2024-11-10 12:36:50.541497,25.24744505113924,41.76517951392017,0
2024-11-10 12:36:55.541497,25.742944473788448,45.76268157096258,0
2024-11-10 12:37:00.541497,25.335708657976998,53.29252226546659,0
2024-11-10 12:37:05.541497,26.51438446491187,33.275243055813085,0
2024-11-10 12:37:10.541497,23.01735392356409,36.63894401288768,1
2024-11-10 12:37:15.541497,27.967918228666857,45.68119021673891,0
2024-11-10 12:37:20.541497,21.746239369504924,50.14002454002617,0
2024-11-10 12:37:25.541497,29.93841909275107,45.02461129459343,0
2024-11-10 12:37:30.541497,22.949134441209942,36.07742682135257,1
2024-11-10 12:37:35.541497,26.6902916060992,55.52856182605888,0
2024-11-10 12:37:40.541497,24.061671031122597,51.85402353245064,0
2024-11-10 12:37:45.541497,29.905944795792745,37.28042932418048,0
2024-11-10 12:37:50.541497,29.47283682830546,55.74164545301403,0
2024-11-10 12:37:55.541497,25.913857016033887,49.89310979027434,0
2024-11-10 12:38:00.541497,23.231834443254915,31.83431272787715,1
2024-11-10 12:38:05.541497,24.300300467269967,41.3784511048481,1
2024-11-10 12:38:10.541497,20.6090461590374,58.73982530603662,0
2024-11-10 12:38:15.541497,29.69975770699433,50.75492684765284,0
2024-11-10 12:38:20.541497,23.423914066163743,34.98170146005165,1
2024-11-10 12:38:25.541497,29.920614905051664,48.54376271497472,0
2024-11-10 12:38:30.541497,23.9928954647976,42.805256056284,1
2024-11-10 12:38:35.541497,21.492123911929703,41.61473961877514,1
2024-11-10 12:38:40.541497,22.572786732818276,34.081806592102545,1
2024-11-10 12:38:45.541497,26.90378812668914,44.86174008230655,0
2024-11-10 12:38:50.541497,27.28277429477065,56.55597290712642,0
2024-11-10 12:38:55.541497,26.37130139537,47.77636756807722,0
2024-11-10 12:39:00.541497,20.67284823716614,47.362725555481646,1
2024-11-10 12:39:05.541497,27.76509813317274,50.28342944999466,0
2024-11-10 12:39:10.541497,20.309492959374257,46.06326010786746,1
2024-11-10 12:39:15.541497,24.803087933197997,52.16910093390153,0
2024-11-10 12:39:20.541497,23.82441640131274,44.16945885006231,1
2024-11-10 12:39:25.541497,21.56932416406132,42.81932562848879,1
2024-11-10 12:39:30.541497,25.06456855192413,47.48383943020385,0
2024-11-10 12:39:35.541497,20.616194027104424,42.90553267472511,1
2024-11-10 12:39:40.541497,24.28347737552338,44.89848616092961,1
2024-11-10 12:39:45.541497,25.506477005297228,48.648983532956514,0
2024-11-10 12:39:50.541497,28.99318569330597,30.270732151350263,0
2024-11-10 12:39:55.541497,28.942963117992782,48.340065853437856,0
2024-11-10 12:40:00.541497,25.025071531557465,34.79927872376382,0
2024-11-10 12:40:05.541497,22.76553213656433,38.28466077730242,1
2024-11-10 12:40:10.541497,23.960275426556404,41.63730844208049,1
2024-11-10 12:40:15.541497,28.620892019909466,38.330205521156685,0
2024-11-10 12:40:20.541497,29.39499948289245,58.52394149520566,0
2024-11-10 12:40:25.541497,20.4901523346115,53.97655818991767,0
2024-11-10 12:40:30.541497,24.3394390098236,58.21266695158954,0
2024-11-10 12:40:35.541497,26.67516635651221,42.8590704384749,0
2024-11-10 12:40:40.541497,23.474269258466308,37.55606323145541,1
2024-11-10 12:40:45.541497,27.86131421335081,55.01922445081696,0
2024-11-10 12:40:50.541497,22.132224981204036,39.808676071095405,1
2024-11-10 12:40:55.541497,22.89157816060497,34.52250493781596,1
2024-11-10 12:41:00.541497,21.623796840502692,30.4003130559222,1
2024-11-10 12:41:05.541497,23.6721033145468,48.63372165325834,1
2024-11-10 12:41:10.541497,25.412361231652167,30.130681136718145,0
2024-11-10 12:41:15.541497,28.74399014893796,45.342055113056446,0
2024-11-10 12:41:20.541497,29.341651949391903,56.65023420868384,0
2024-11-10 12:41:25.541497,20.9583752997092,46.89934762214239,1
2024-11-10 12:41:30.541497,21.73939544949449,31.552912981270936,1
2024-11-10 12:41:35.541497,27.4269541640901,38.361951370773866,0
2024-11-10 12:41:40.541497,29.58509615940625,42.320953564271576,0
2024-11-10 12:41:45.541497,23.575383884434714,49.94722418313109,1
2024-11-10 12:41:50.541497,26.198671956474683,57.26067012881266,0
2024-11-10 12:41:55.541497,23.985796956332944,34.71582702145602,1
2024-11-10 12:42:00.541497,21.182647953952262,37.589910485979765,1
2024-11-10 12:42:05.541497,22.033855237058752,30.26479903204807,1
2024-11-10 12:42:10.541497,24.820512384507925,31.58560647329157,1
2024-11-10 12:42:15.541497,23.441576485617876,36.57737769755333,1
2024-11-10 12:42:20.541497,28.748518392324776,50.633486200043656,0
2024-11-10 12:42:25.541497,27.730253856476903,32.327667575727695,0
2024-11-10 12:42:30.541497,22.48110492110248,33.59330737927211,1
2024-11-10 12:42:35.541497,27.1994615706332,32.820465485567055,0
2024-11-10 12:42:40.541497,20.30025690975836,35.68661245305443,1
2024-11-10 12:42:45.541497,20.699281131515477,42.433223685355145,1
2024-11-10 12:42:50.541497,26.89311371702242,58.281227794329766,0
2024-11-10 12:42:55.541497,21.63565681601696,34.838686965829886,1
2024-11-10 12:43:00.541497,28.391197349916908,49.42116004198549,0
2024-11-10 12:43:05.541497,20.06920710062553,46.70080462014831,1
2024-11-10 12:43:10.541497,24.43814439417512,44.14934203279793,1
2024-11-10 12:43:15.541497,24.96863803003741,33.17473549003087,1
2024-11-10 12:43:20.541497,24.79586436938772,39.846637446014725,1
2024-11-10 12:43:25.541497,29.124367210004294,52.06785699911079,0
2024-11-10 12:43:30.541497,29.91866106325548,49.067928708256005,0
2024-11-10 12:43:35.541497,21.207601640453188,54.77224104283984,0
2024-11-10 12:43:40.541497,25.76971615329053,34.91948093290241,0
2024-11-10 12:43:45.541497,25.589405264107185,58.53068046102867,0
2024-11-10 12:43:50.541497,23.995904386979923,48.73081376865569,1
2024-11-10 12:43:55.541497,22.72076409911279,59.43051878900958,0
2024-11-10 12:44:00.541497,22.957609582598774,57.84840649704157,0
2024-11-10 12:44:05.541497,28.14926003908744,52.07326327840421,0
2024-11-10 12:44:10.541497,20.85843033567115,49.37356149728706,1
2024-11-10 12:44:15.541497,23.921016425682225,32.893710309507256,1
2024-11-10 12:44:20.541497,29.70308182375925,48.8025195198483,0
2024-11-10 12:44:25.541497,21.387449506085527,58.43179035161318,0
2024-11-10 12:44:30.541497,24.39728492455833,54.264718504034846,0
2024-11-10 12:44:35.541497,21.083143194510583,58.09117394323266,0
2024-11-10 12:44:40.541497,20.63531080832971,52.62994562127991,0
2024-11-10 12:44:45.541497,22.541815965099744,32.81539552228601,1
2024-11-10 12:44:50.541497,21.89078108599973,45.041738211083214,1
2024-11-10 12:44:55.541497,20.547105440628936,32.321585552060164,1
2024-11-10 12:45:00.541497,23.55567921001173,45.72394036318616,1
2024-11-10 12:45:05.541497,24.164133571768808,37.152882442214,1
2024-11-10 12:45:10.541497,22.448769735632112,36.80354072014792,1
2024-11-10 12:45:15.541497,22.124776051566283,54.07367180346597,0
2024-11-10 12:45:20.541497,23.59666582604786,39.037567462518965,1
2024-11-10 12:45:25.541497,28.065247264378165,40.44347792298948,0
2024-11-10 12:45:30.541497,26.883476162405533,45.899644623459,0
2024-11-10 12:45:35.541497,25.983088161780124,35.1645782855161,0
2024-11-10 12:45:40.541497,28.96920991755964,50.2988024322765,0
2024-11-10 12:45:45.541497,20.74979318555592,43.67631136648401,1
2024-11-10 12:45:50.541497,24.931771260791063,39.56542289224406,1
2024-11-10 12:45:55.541497,26.802266699536084,44.95988682797768,0
2024-11-10 12:46:00.541497,27.254138505228585,34.7562609862884,0
2024-11-10 12:46:05.541497,22.90005423421816,47.87621872750324,1
2024-11-10 12:46:10.541497,20.23876504569885,35.98120145181027,1
2024-11-10 12:46:15.541497,23.49101023269909,47.94660437113629,1
2024-11-10 12:46:20.541497,24.994216378232256,36.46986654451716,1
2024-11-10 12:46:25.541497,23.41013261474361,50.66319709944531,0
2024-11-10 12:46:30.541497,21.687180726784547,44.909213622363005,1
2024-11-10 12:46:35.541497,28.887379984002067,51.84860877035255,0
2024-11-10 12:46:40.541497,24.947333611516623,33.20559556866479,1
2024-11-10 12:46:45.541497,23.336862110140096,42.06341555025034,1
2024-11-10 12:46:50.541497,20.015093962139808,40.87257020340117,1
2024-11-10 12:46:55.541497,20.816346243003643,46.3030845069421,1
2024-11-10 12:47:00.541497,27.106367378148157,36.60923988963924,0
2024-11-10 12:47:05.541497,26.115912330280487,53.78413348052341,0
2024-11-10 12:47:10.541497,28.34554666835134,45.30132208325949,0
2024-11-10 12:47:15.541497,20.4099385827086,53.83534017447994,0
2024-11-10 12:47:20.541497,21.88169545380753,40.8000804381416,1
2024-11-10 12:47:25.541497,25.99664886002892,43.94336441784619,0
2024-11-10 12:47:30.541497,29.33619194067226,54.18090833095561,0
2024-11-10 12:47:35.541497,26.849557570392847,42.16368773538957,0
2024-11-10 12:47:40.541497,28.98733474267413,39.095527904619125,0
2024-11-10 12:47:45.541497,28.726264740867794,50.417469993854496,0
2024-11-10 12:47:50.541497,24.28883557206349,42.91747185064364,1
2024-11-10 12:47:55.541497,27.362110880298854,30.566890564962332,0
2024-11-10 12:48:00.541497,22.932590139736785,30.95311162440429,1
2024-11-10 12:48:05.541497,27.70628809237894,51.340031835190665,0
2024-11-10 12:48:10.541497,29.584300656710337,46.44585215869584,0
2024-11-10 12:48:15.541497,25.0447168993099,34.333494787698186,0
2024-11-10 12:48:20.541497,22.326221688197943,38.7905895084274,1
2024-11-10 12:48:25.541497,24.745607538537797,37.282419461415216,1
2024-11-10 12:48:30.541497,24.17794550817333,30.486364407119588,1
2024-11-10 12:48:35.541497,28.208206056782,30.28135306228273,0
2024-11-10 12:48:40.541497,22.06987002931154,34.62425468637532,1
2024-11-10 12:48:45.541497,23.21241765225803,35.88785989319958,1
2024-11-10 12:48:50.541497,23.101641189802564,40.53592304448088,1
2024-11-10 12:48:55.541497,26.19100887908629,50.473936920713626,0
2024-11-10 12:49:00.541497,27.96904640570125,51.15973656660152,0
2024-11-10 12:49:05.541497,27.012325192739304,53.39118126415279,0
2024-11-10 12:49:10.541497,23.123761891232363,52.9731991839303,0
2024-11-10 12:49:15.541497,20.91819212852559,48.99019433295699,1
2024-11-10 12:49:20.541497,20.39721569597584,51.77969371137077,0
2024-11-10 12:49:25.541497,20.111161945276358,42.77547457940582,1
2024-11-10 12:49:30.541497,21.47191859028101,53.87429058712692,0
2024-11-10 12:49:35.541497,27.42059609373136,56.0410430666539,0
2024-11-10 12:49:40.541497,21.52286925877639,44.0636676821144,1
2024-11-10 12:49:45.541497,25.63854839875153,30.26833425682325,0
2024-11-10 12:49:50.541497,26.63118393519035,37.71211774838006,0
2024-11-10 12:49:55.541497,24.07787468977044,37.12262875952762,1
2024-11-10 12:50:00.541497,22.22931985280477,54.89230402648613,0
2024-11-10 12:50:05.541497,20.406191905091745,59.25267277504787,0
2024-11-10 12:50:10.541497,20.029392780196,55.1473912891131,0
2024-11-10 12:50:15.541497,23.662766661787227,38.38488813118725,1
2024-11-10 12:50:20.541497,28.350495946549543,44.27498419618955,0
2024-11-10 12:50:25.541497,21.18861198782448,37.47596778980624,1
2024-11-10 12:50:30.541497,29.32712186162869,32.45677729225084,0
2024-11-10 12:50:35.541497,22.30711762845633,49.22817213627151,1
2024-11-10 12:50:40.541497,26.688685642759147,52.03511826823616,0
2024-11-10 12:50:45.541497,24.430486951028666,47.83755541575949,1
2024-11-10 12:50:50.541497,24.65807066505933,52.08493256034372,0
2024-11-10 12:50:55.541497,23.25806613443834,59.29306178665231,0
2024-11-10 12:51:00.541497,22.63045567989641,51.72938371919461,0
2024-11-10 12:51:05.541497,23.846381433226068,43.01367090958946,1
2024-11-10 12:51:10.541497,28.78379051553035,38.815203560678285,0
2024-11-10 12:51:15.541497,29.11042800959304,48.246227497767705,0
2024-11-10 12:51:20.541497,21.12581063012695,55.858252675141294,0
2024-11-10 12:51:25.541497,27.92029202665963,31.923055635824024,0
2024-11-10 12:51:30.541497,25.26349828812484,35.05541733893769,0
2024-11-10 12:51:35.541497,25.635516345633032,59.28611533800298,0
2024-11-10 12:51:40.541497,24.104572123429357,58.66268314809989,0
2024-11-10 12:51:45.541497,21.49003925484365,57.33593919261652,0
2024-11-10 12:51:50.541497,23.683159818202085,57.43430965687018,0
2024-11-10 12:51:55.541497,26.060836417320846,42.48267526273347,0
2024-11-10 12:52:00.541497,23.86909423378896,39.849193839585055,1
2024-11-10 12:52:05.541497,29.843516472148835,47.431199223425565,0
2024-11-10 12:52:10.541497,24.78424330358153,49.264469360373006,1
2024-11-10 12:52:15.541497,23.864951437836154,51.867542185264,0
2024-11-10 12:52:20.541497,24.01857918494701,40.31390993669365,1
2024-11-10 12:52:25.541497,25.40738578122147,44.88246802122109,0
2024-11-10 12:52:30.541497,24.14357107095308,56.5012119061759,0
2024-11-10 12:52:35.541497,21.52818985731008,31.830493518718704,1
2024-11-10 12:52:40.541497,24.12062413652513,35.02038190373087,1
2024-11-10 12:52:45.541497,21.562763304462745,32.360916131618325,1
2024-11-10 12:52:50.541497,22.19737346217897,59.34672931830332,0
2024-11-10 12:52:55.541497,29.252896514746084,47.0804237320552,0
2024-11-10 12:53:00.541497,21.33609697058952,47.64360013287266,1
2024-11-10 12:53:05.541497,24.503949045521924,56.86114332634752,0
2024-11-10 12:53:10.541497,23.24414181754608,49.473852667844696,1
2024-11-10 12:53:15.541497,21.816685588966397,41.69758000251108,1
2024-11-10 12:53:20.541497,29.050461196167703,50.388377459699726,0
2024-11-10 12:53:25.541497,24.234350405125497,33.112230750458615,1
2024-11-10 12:53:30.541497,28.63782119607561,51.96203820039999,0
2024-11-10 12:53:35.541497,20.708051966917967,32.93236263090662,1
2024-11-10 12:53:40.541497,20.32164145887048,56.63858531569883,0
2024-11-10 12:53:45.541497,23.234833665993303,37.78680899469488,1
2024-11-10 12:53:50.541497,29.123775685773232,33.002232209897386,0
2024-11-10 12:53:55.541497,23.59966729299548,51.76576716374596,0
2024-11-10 12:54:00.541497,23.326943081738214,59.34240850738934,0
2024-11-10 12:54:05.541497,28.12887006644589,44.70949197043478,0
2024-11-10 12:54:10.541497,23.55758930344571,36.16152448634772,1
2024-11-10 12:54:15.541497,23.56271149749261,35.05973959366132,1
2024-11-10 12:54:20.541497,24.658030487743037,35.08548098770248,1
2024-11-10 12:54:25.541497,25.9308306819728,45.99488979216227,0
2024-11-10 12:54:30.541497,27.42572274205974,32.00006482237375,0
2024-11-10 12:54:35.541497,29.6035247363544,46.13244611104202,0
2024-11-10 12:54:40.541497,26.438435101420254,43.129272002310586,0
2024-11-10 12:54:45.541497,27.824519287431404,37.07007713921921,0
2024-11-10 12:54:50.541497,25.129889818028296,35.941078427962736,0
2024-11-10 12:54:55.541497,27.56440299389292,45.11230813436797,0
2024-11-10 12:55:00.541497,20.99266937856645,54.02309819947366,0
2024-11-10 12:55:05.541497,24.85289828738981,38.14104382680087,1
2024-11-10 12:55:10.541497,23.96282904588269,58.46906554665396,0
2024-11-10 12:55:15.541497,24.83917387130106,34.394450271621146,1
2024-11-10 12:55:20.541497,22.914706864179877,41.24491433701156,1
2024-11-10 12:55:25.541497,24.885249777134263,42.01712090845974,1
2024-11-10 12:55:30.541497,29.05921611756355,35.63028408502474,0
2024-11-10 12:55:35.541497,23.378795385610424,52.89219497275178,0
2024-11-10 12:55:40.541497,25.069569243111413,32.572366109191215,0
2024-11-10 12:55:45.541497,27.914289262658084,38.62261732817819,0
2024-11-10 12:55:50.541497,26.45387692760649,58.40675818842638,0
2024-11-10 12:55:55.541497,29.11918182451133,35.572568981148045,0
2024-11-10 12:56:00.541497,21.65688983823119,59.150299808732605,0
2024-11-10 12:56:05.541497,28.908259308567317,57.46313450903829,0
2024-11-10 12:56:10.541497,29.176592399239496,51.07051407668098,0
2024-11-10 12:56:15.541497,24.457779879913755,33.2752783701404,1
2024-11-10 12:56:20.541497,27.48684432575886,35.1711678790152,0
2024-11-10 12:56:25.541497,21.94687466004199,45.20562959255353,1
2024-11-10 12:56:30.541497,24.989812568686887,48.37703825417164,1
2024-11-10 12:56:35.541497,20.342791774135225,39.38245640781568,1
2024-11-10 12:56:40.541497,25.336446873188702,39.58273243133648,0
2024-11-10 12:56:45.541497,24.9219133737316,54.91421307000577,0
2024-11-10 12:56:50.541497,24.415990104159224,36.96753897387696,1
2024-11-10 12:56:55.541497,29.35906566386617,50.46187139206002,0
2024-11-10 12:57:00.541497,25.04138155309868,52.69690165676551,0
2024-11-10 12:57:05.541497,20.416305071304468,35.639314502130254,1
2024-11-10 12:57:10.541497,26.84403861734557,55.1675683969164,0
2024-11-10 12:57:15.541497,25.13078246781872,57.41008584598066,0
2024-11-10 12:57:20.541497,28.816597309516418,53.95484519413159,0
2024-11-10 12:57:25.541497,21.67348767580476,50.44307829169384,0
2024-11-10 12:57:30.541497,28.516847315099923,46.19071365873566,0
2024-11-10 12:57:35.541497,25.87510478504344,36.50266627092469,0
2024-11-10 12:57:40.541497,27.48425286806434,40.55097120451887,0
2024-11-10 12:57:45.541497,24.94345818154661,51.84221935660737,0
2024-11-10 12:57:50.541497,27.13402324088647,38.61514828636759,0
2024-11-10 12:57:55.541497,21.548425053434848,40.42638871252274,1
2024-11-10 12:58:00.541497,24.67759928075597,34.0532565929256,1
2024-11-10 12:58:05.541497,20.808868725479783,34.15214023669824,1
2024-11-10 12:58:10.541497,21.20646788103199,47.57351384439504,1
2024-11-10 12:58:15.541497,27.481914568068557,47.48027540777759,0
2024-11-10 12:58:20.541497,29.95245784254473,32.88636081579607,0
2024-11-10 12:58:25.541497,29.94192812959741,32.01435452430661,0
2024-11-10 12:58:30.541497,25.0545738026331,38.05651476596925,0
2024-11-10 12:58:35.541497,28.508330577876517,47.48144927242801,0
2024-11-10 12:58:40.541497,22.68595033801952,48.29249035735799,1
2024-11-10 12:58:45.541497,21.04776767414567,37.25107179218944,1
2024-11-10 12:58:50.541497,21.58951200721224,32.64389143232743,1
2024-11-10 12:58:55.541497,24.07572375936894,32.8448896986374,1
2024-11-10 12:59:00.541497,21.38274347811363,53.04306098545023,0
2024-11-10 12:59:05.541497,20.64582184880863,36.20638985098687,1
2024-11-10 12:59:10.541497,23.367195017122317,39.483420218090416,1
2024-11-10 12:59:15.541497,20.18302422573437,32.933777429304406,1
2024-11-10 12:59:20.541497,28.35498272473676,53.95927489861006,0
2024-11-10 12:59:25.541497,20.997003193902486,49.49940152872744,1
2024-11-10 12:59:30.541497,23.682689715691595,50.34632116497022,0
2024-11-10 12:59:35.541497,26.878852340822945,31.159997283825053,0
2024-11-10 12:59:40.541497,25.156540845306097,43.167429334908455,0
2024-11-10 12:59:45.541497,29.030581937838363,49.54118542427678,0
2024-11-10 12:59:50.541497,26.423539721277805,34.21488467026796,0
2024-11-10 12:59:55.541497,20.96988597488677,40.45604458036094,1
2024-11-10 13:00:00.541497,22.145226750542435,43.54667882647801,1
2024-11-10 13:00:05.541497,22.863610176209864,43.74885099655085,1
2024-11-10 13:00:10.541497,27.509167262249008,36.11144531889639,0
2024-11-10 13:00:15.541497,26.568123336379887,56.65107600003205,0
2024-11-10 13:00:20.541497,24.45124277565538,43.16839279858489,1
2024-11-10 13:00:25.541497,21.07530292571632,57.8562052628955,0
2024-11-10 13:00:30.541497,26.383510734335218,50.46594212909811,0
2024-11-10 13:00:35.541497,21.9813395416688,42.583873576862,1
2024-11-10 13:00:40.541497,23.395925661657472,45.53181844486869,1
2024-11-10 13:00:45.541497,20.54853150377292,52.34204426106804,0
2024-11-10 13:00:50.541497,29.536015370771157,51.98367727002394,0
2024-11-10 13:00:55.541497,20.24620433016589,52.45654342864412,0
2024-11-10 13:01:00.541497,23.16837212897585,44.85141853565886,1
2024-11-10 13:01:05.541497,24.83659534283981,58.02618022619018,0
2024-11-10 13:01:10.541497,24.393692436636066,40.78898569847479,1
2024-11-10 13:01:15.541497,26.60506824087985,58.7116637305595,0
2024-11-10 13:01:20.541497,24.5800521820015,54.022325358681854,0
2024-11-10 13:01:25.541497,27.424611817828627,54.06099746212536,0
2024-11-10 13:01:30.541497,21.42793660875844,50.83604046389646,0
2024-11-10 13:01:35.541497,25.083432371771607,44.98641118679136,0
2024-11-10 13:01:40.541497,29.84724399659404,53.46428432458238,0
2024-11-10 13:01:45.541497,29.64428149995095,59.83293306460072,0
2024-11-10 13:01:50.541497,26.26455467102885,51.27565479457429,0
2024-11-10 13:01:55.541497,28.39298031723439,47.0475237118396,0
2024-11-10 13:02:00.541497,26.971886540750354,54.7627656959616,0
2024-11-10 13:02:05.541497,27.93522633182784,51.76438987762268,0
2024-11-10 13:02:10.541497,22.52651865249396,51.66085595306384,0
2024-11-10 13:02:15.541497,28.169227973871887,59.91570780200648,0
2024-11-10 13:02:20.541497,26.501678062122743,46.74437331837801,0
2024-11-10 13:02:25.541497,24.182331609985432,42.2468814751216,1
2024-11-10 13:02:30.541497,22.215639506461443,52.14267057056093,0
2024-11-10 13:02:35.541497,21.10580810649814,41.30558008410327,1
2024-11-10 13:02:40.541497,29.346869203656368,35.16436435346172,0
2024-11-10 13:02:45.541497,28.709298838912478,56.91676126412639,0
2024-11-10 13:02:50.541497,26.1073301237378,48.79799185654262,0
2024-11-10 13:02:55.541497,29.274999301666742,39.96096671168025,0
2024-11-10 13:03:00.541497,28.926998092208407,48.30338452003406,0
2024-11-10 13:03:05.541497,24.121623989744187,51.42586295103557,0
2024-11-10 13:03:10.541497,21.41257210688382,52.24597159913165,0
2024-11-10 13:03:15.541497,22.140502436875003,35.04302961233361,1
2024-11-10 13:03:20.541497,24.387076804618424,59.3202864205716,0
2024-11-10 13:03:25.541497,28.86616657018522,41.72144549366893,0
2024-11-10 13:03:30.541497,25.566577664996142,40.36184973006001,0
2024-11-10 13:03:35.541497,26.969631583392104,32.42299079308358,0
2024-11-10 13:03:40.541497,21.806263797245347,45.0365698402506,1
2024-11-10 13:03:45.541497,24.31448600974884,55.60939327444859,0
2024-11-10 13:03:50.541497,21.590324886534447,33.42995231983088,1
2024-11-10 13:03:55.541497,21.99691392485316,54.09631615623564,0
2024-11-10 13:04:00.541497,26.03373260734069,39.28221086376885,0
2024-11-10 13:04:05.541497,24.33890897767515,59.75012757599798,0
2024-11-10 13:04:10.541497,26.49930002901508,32.50373807217042,0
2024-11-10 13:04:15.541497,27.28715938289052,47.83052434690204,0
2024-11-10 13:04:20.541497,20.27719473460471,46.82946166266903,1
2024-11-10 13:04:25.541497,20.35806720387291,34.82498377666232,1
2024-11-10 13:04:30.541497,27.18463745692123,39.922156200683474,0
2024-11-10 13:04:35.541497,27.086247422163343,34.216266108528366,0
2024-11-10 13:04:40.541497,27.768383441164843,37.93686634527592,0
2024-11-10 13:04:45.541497,24.45853599891467,42.55811827928452,1
2024-11-10 13:04:50.541497,23.01802913458909,36.49826194272181,1
2024-11-10 13:04:55.541497,20.28082745952529,52.66838518080209,0
2024-11-10 13:05:00.541497,20.60262187123676,35.55342673111227,1
2024-11-10 13:05:05.541497,23.268201078844733,39.65825191329334,1
2024-11-10 13:05:10.541497,25.357427635290293,51.84342434190227,0
2024-11-10 13:05:15.541497,28.70031517060954,58.36409130009122,0
2024-11-10 13:05:20.541497,20.85462248455478,37.26187572386926,1
2024-11-10 13:05:25.541497,26.05895393350788,39.347848815199896,0
2024-11-10 13:05:30.541497,28.64158018436725,45.833721799923005,0
2024-11-10 13:05:35.541497,26.876703675009143,53.82872447769911,0
2024-11-10 13:05:40.541497,22.927128162895148,48.734968149220585,1
2024-11-10 13:05:45.541497,28.020615165986356,51.78533675144,0
2024-11-10 13:05:50.541497,21.466617151330837,40.69313686036234,1
2024-11-10 13:05:55.541497,22.90413636944476,36.411584126288375,1
2024-11-10 13:06:00.541497,29.099998872947417,50.7568536473154,0
2024-11-10 13:06:05.541497,20.725526999835,57.062793823863245,0
2024-11-10 13:06:10.541497,21.13556863719839,55.16332713452233,0
2024-11-10 13:06:15.541497,27.55260942182124,49.900458910019566,0
2024-11-10 13:06:20.541497,24.993640930923096,58.60722687246322,0
2024-11-10 13:06:25.541497,23.040702883051733,32.81886523530771,1
2024-11-10 13:06:30.541497,20.331642373955027,53.40065092203733,0
2024-11-10 13:06:35.541497,22.444050935181767,34.482603680472984,1
2024-11-10 13:06:40.541497,26.399182727920746,41.49404153382609,0
2024-11-10 13:06:45.541497,28.151570968436005,42.4434029105204,0
2024-11-10 13:06:50.541497,23.99759639371153,48.3518849796129,1
2024-11-10 13:06:55.541497,28.43383389895115,36.07704476299847,0
2024-11-10 13:07:00.541497,26.842685245288237,59.94360306949663,0
2024-11-10 13:07:05.541497,20.57562424434268,51.09128075637729,0
2024-11-10 13:07:10.541497,24.441623905042757,59.14118855804038,0
2024-11-10 13:07:15.541497,27.109524810470013,32.217667970797784,0
2024-11-10 13:07:20.541497,26.777610788887586,53.15640451177172,0
2024-11-10 13:07:25.541497,26.01635730124085,59.9356094424152,0
2024-11-10 13:07:30.541497,28.45100628519699,57.75189069162864,0
2024-11-10 13:07:35.541497,22.09431233351728,54.21709846806078,0
2024-11-10 13:07:40.541497,25.51022200856697,55.07864757417769,0
2024-11-10 13:07:45.541497,20.58199560733494,48.54054395387007,1
2024-11-10 13:07:50.541497,22.657215696383208,33.75574767717521,1
2024-11-10 13:07:55.541497,26.2080778802366,50.61453064269723,0
2024-11-10 13:08:00.541497,22.76300555092328,45.10950263431047,1
2024-11-10 13:08:05.541497,29.176492968787198,37.64358268340997,0
2024-11-10 13:08:10.541497,27.67265993198672,39.42962622965475,0
2024-11-10 13:08:15.541497,24.857416804220883,34.52869864403543,1
2024-11-10 13:08:20.541497,23.16006015178256,43.142327062761865,1
2024-11-10 13:08:25.541497,29.764107271203063,34.1566296851306,0
2024-11-10 13:08:30.541497,25.039144106613428,38.16573020795714,0
2024-11-10 13:08:35.541497,22.826423945758524,52.31950360384431,0
2024-11-10 13:08:40.541497,29.257983575788856,38.562568169680944,0
2024-11-10 13:08:45.541497,29.59520087579912,59.28934032210264,0
2024-11-10 13:08:50.541497,27.736904261718927,34.655750411595434,0
2024-11-10 13:08:55.541497,20.46063238680026,31.14275619235017,1
2024-11-10 13:09:00.541497,27.47167875483332,59.63706011808055,0
2024-11-10 13:09:05.541497,29.712619580686745,54.0796803368816,0
2024-11-10 13:09:10.541497,28.57117698931463,55.47965470056088,0
2024-11-10 13:09:15.541497,25.45774271323603,39.8284637303087,0
2024-11-10 13:09:20.541497,29.83833249329799,54.54388096321675,0
2024-11-10 13:09:25.541497,26.714779613635468,48.02149530393284,0
2024-11-10 13:09:30.541497,24.91719739584694,42.02508227533285,1
2024-11-10 13:09:35.541497,22.661370090072868,58.92597244423638,0
2024-11-10 13:09:40.541497,23.493569965315213,37.36940457087131,1
2024-11-10 13:09:45.541497,23.11491090616268,58.88120811167678,0
2024-11-10 13:09:50.541497,21.091930767104085,51.01178548783429,0
2024-11-10 13:09:55.541497,29.123947180325104,40.53965658509179,0
2024-11-10 13:10:00.541497,20.466847662448856,39.36212118990744,1
2024-11-10 13:10:05.541497,29.769771403054385,42.13536209206577,0
2024-11-10 13:10:10.541497,25.99868229463757,39.91251327448969,0
2024-11-10 13:10:15.541497,26.74365975518254,31.627389440631333,0
2024-11-10 13:10:20.541497,29.83405672983739,47.20255257259493,0
2024-11-10 13:10:25.541497,22.120778348903013,45.69650337188018,1
2024-11-10 13:10:30.541497,29.38183072067895,33.42365793252466,0
2024-11-10 13:10:35.541497,27.061917875045797,58.53449549048341,0
2024-11-10 13:10:40.541497,24.193075432161105,43.45948610307886,1
2024-11-10 13:10:45.541497,20.153244486287328,53.75743638508786,0
2024-11-10 13:10:50.541497,27.43571148092685,31.489071105054908,0
2024-11-10 13:10:55.541497,24.38235227252867,33.403509990606324,1
2024-11-10 13:11:00.541497,22.77670550908716,54.363476622146464,0
2024-11-10 13:11:05.541497,25.879811963112815,37.38459221474739,0
2024-11-10 13:11:10.541497,28.35297839693805,43.23984598611714,0
2024-11-10 13:11:15.541497,26.486444468139588,43.56490671552279,0
2024-11-10 13:11:20.541497,22.17202864912901,31.56788578602167,1
2024-11-10 13:11:25.541497,21.75374161900304,54.47057174112665,0
2024-11-10 13:11:30.541497,26.98143272995692,54.89913201887413,0
2024-11-10 13:11:35.541497,24.136062690312983,31.98560317091946,1
2024-11-10 13:11:40.541497,22.435542221280866,32.94623611051257,1
2024-11-10 13:11:45.541497,22.383318335808983,40.41038214523374,1
2024-11-10 13:11:50.541497,29.477257722036256,57.3218659046711,0
2024-11-10 13:11:55.541497,23.97563391863874,30.009223024805387,1
2024-11-10 13:12:00.541497,25.249206855509915,55.39393218086251,0
2024-11-10 13:12:05.541497,26.86239578909963,33.94362915614542,0
2024-11-10 13:12:10.541497,23.852377046267183,56.76205720452724,0
2024-11-10 13:12:15.541497,23.30270271039271,49.05750303039891,1
2024-11-10 13:12:20.541497,22.43478106256137,58.94634484922844,0
2024-11-10 13:12:25.541497,22.078358429667738,34.08793916775054,1
2024-11-10 13:12:30.541497,21.79927091730763,47.49682033200254,1
2024-11-10 13:12:35.541497,23.084899468927425,36.024318991046606,1
2024-11-10 13:12:40.541497,20.08338989278744,37.28062608782757,1
2024-11-10 13:12:45.541497,28.333886253972345,35.218049883315395,0
2024-11-10 13:12:50.541497,27.21499553523765,35.97581087940497,0
2024-11-10 13:12:55.541497,23.419871428042786,44.58556639858459,1
2024-11-10 13:13:00.541497,29.22327943996144,48.57821822900246,0
2024-11-10 13:13:05.541497,21.06889048272921,31.677337485190083,1
2024-11-10 13:13:10.541497,29.85080853555585,43.27128735629197,0
2024-11-10 13:13:15.541497,20.46768432186368,38.37569286338356,1
2024-11-10 13:13:20.541497,29.38579133819155,58.49140851955934,0
2024-11-10 13:13:25.541497,21.138325988312367,35.65481040249825,1
2024-11-10 13:13:30.541497,23.975743383391983,41.71829601187166,1
2024-11-10 13:13:35.541497,26.07426505459968,36.79452594019706,0
2024-11-10 13:13:40.541497,26.12784897595632,49.75926499124032,0
2024-11-10 13:13:45.541497,23.19578948296389,54.12605685544274,0
2024-11-10 13:13:50.541497,29.24873983860268,59.028260320025495,0
2024-11-10 13:13:55.541497,23.62295867603373,36.3003558665564,1
2024-11-10 13:14:00.541497,22.070718386848394,33.13991258189502,1
2024-11-10 13:14:05.541497,28.4654208480918,42.257893375853854,0
2024-11-10 13:14:10.541497,28.77107094087343,49.06243794964532,0
2024-11-10 13:14:15.541497,23.976997617420118,39.982461023239246,1
2024-11-10 13:14:20.541497,28.090789263805966,43.67294789412927,0
2024-11-10 13:14:25.541497,27.581196004563644,54.59355202939948,0
2024-11-10 13:14:30.541497,22.545648075901,41.79691954387816,1
2024-11-10 13:14:35.541497,24.831162138764125,55.12573107828723,0
2024-11-10 13:14:40.541497,23.16845974375149,55.83616928176163,0
2024-11-10 13:14:45.541497,29.037133004251416,48.24123125580647,0
2024-11-10 13:14:50.541497,28.44000129437113,43.999885303299095,0
2024-11-10 13:14:55.541497,22.119725149175693,40.85850565844964,1
2024-11-10 13:15:00.541497,26.96601468767343,41.8390002794152,0
2024-11-10 13:15:05.541497,25.85380172559047,56.18338904640777,0
2024-11-10 13:15:10.541497,22.88863428002723,43.55702436401813,1
2024-11-10 13:15:15.541497,28.47069783637314,54.8380706995497,0
2024-11-10 13:15:20.541497,28.71302819346152,44.68435348949036,0
2024-11-10 13:15:25.541497,22.36190383871744,53.70609717477903,0
2024-11-10 13:15:30.541497,24.79264893025469,55.61866514593949,0
2024-11-10 13:15:35.541497,20.94611919760529,30.67702767478601,1
2024-11-10 13:15:40.541497,26.03787564011169,31.20927009036465,0
2024-11-10 13:15:45.541497,27.363182089782924,57.55437829726705,0
2024-11-10 13:15:50.541497,26.349085424473188,47.30616613220469,0
2024-11-10 13:15:55.541497,28.56136358267064,36.26073321483595,0
2024-11-10 13:16:00.541497,29.85189665856605,41.03270306009398,0
2024-11-10 13:16:05.541497,21.51401705272957,45.1168152948238,1
2024-11-10 13:16:10.541497,20.87752321865932,59.23922408054209,0
2024-11-10 13:16:15.541497,28.07306799987223,53.149841644968944,0
2024-11-10 13:16:20.541497,27.09798619450169,32.984453565950034,0
2024-11-10 13:16:25.541497,23.014297764263983,57.18303612081511,0
2024-11-10 13:16:30.541497,26.835932709480957,42.11042796752194,0
2024-11-10 13:16:35.541497,22.86656939205293,35.76209937862293,1
2024-11-10 13:16:40.541497,23.05167197518974,39.677210779416406,1
2024-11-10 13:16:45.541497,25.22514802550579,59.721269890091975,0
2024-11-10 13:16:50.541497,24.10548394465132,33.22355759773273,1
2024-11-10 13:16:55.541497,20.93534962432833,56.96221933809473,0
2024-11-10 13:17:00.541497,26.42107385629265,57.61603454398959,0
2024-11-10 13:17:05.541497,24.441884114913734,57.01836868210192,0
2024-11-10 13:17:10.541497,29.625371451936232,46.020756637791706,0
2024-11-10 13:17:15.541497,28.32839655711729,32.35998821417188,0
2024-11-10 13:17:20.541497,26.424349915962225,46.48627766969072,0
2024-11-10 13:17:25.541497,22.75161192193225,40.463298306981,1
2024-11-10 13:17:30.541497,22.537738668854928,46.13319389543206,1
2024-11-10 13:17:35.541497,22.45764817191773,53.48884976880775,0
2024-11-10 13:17:40.541497,25.911291560230296,40.88990070962112,0
2024-11-10 13:17:45.541497,22.388428364030688,31.328004113328788,1
2024-11-10 13:17:50.541497,26.1263570338772,36.37463912402546,0
2024-11-10 13:17:55.541497,29.06802977002083,46.84079314655728,0
2024-11-10 13:18:00.541497,23.68777631426215,48.64113684543505,1
2024-11-10 13:18:05.541497,25.51471576840327,47.10635394236349,0
2024-11-10 13:18:10.541497,25.9429696775153,57.47012113989168,0
2024-11-10 13:18:15.541497,25.67495528808567,38.04450949365034,0
2024-11-10 13:18:20.541497,26.43278186495696,35.0639944784327,0
2024-11-10 13:18:25.541497,22.449366851097945,52.11594416030824,0
2024-11-10 13:18:30.541497,28.86285325441821,42.4642486747895,0
2024-11-10 13:18:35.541497,28.906632748174147,54.690720441419,0
2024-11-10 13:18:40.541497,25.219291647071444,40.70545438018927,0
2024-11-10 13:18:45.541497,20.386835756273925,40.5099182749275,1
2024-11-10 13:18:50.541497,23.21668900496142,34.51342988174244,1
2024-11-10 13:18:55.541497,26.335165772173337,39.01085618532952,0
2024-11-10 13:19:00.541497,27.876869391478643,42.33854410638673,0
2024-11-10 13:19:05.541497,28.35273991106168,45.80525340160104,0
2024-11-10 13:19:10.541497,22.80946492526513,39.45399563531663,1
2024-11-10 13:19:15.541497,21.00295358192152,36.63242015045712,1
2024-11-10 13:19:20.541497,25.61755502777106,31.573065658597564,0
2024-11-10 13:19:25.541497,25.522740013579774,50.198710597610855,0
2024-11-10 13:19:30.541497,25.315049051682585,51.83356718508946,0
2024-11-10 13:19:35.541497,21.548508415732982,58.54752717229022,0
2024-11-10 13:19:40.541497,26.370958547301026,39.02955015312226,0
2024-11-10 13:19:45.541497,22.064093424222413,35.45363624970881,1
2024-11-10 13:19:50.541497,20.62370921391084,50.03940615490571,0
2024-11-10 13:19:55.541497,25.329827431608933,31.45607151878285,0
2024-11-10 13:20:00.541497,22.561492723370176,36.70840094256752,1
2024-11-10 13:20:05.541497,25.476776366260932,36.44158172347214,0
2024-11-10 13:20:10.541497,24.021347570591185,48.77098652514731,1
2024-11-10 13:20:15.541497,27.75998114479921,53.00355080736611,0
2024-11-10 13:20:20.541497,27.53979095040033,55.64469645416322,0
2024-11-10 13:20:25.541497,24.800542444685117,52.28199570961987,0
2024-11-10 13:20:30.541497,29.368178617149468,50.07153579924021,0
2024-11-10 13:20:35.541497,29.177022078131863,54.004943168956686,0
2024-11-10 13:20:40.541497,25.00684232757034,37.77609883333093,0
2024-11-10 13:20:45.541497,21.625962062376,33.310020795664585,1
2024-11-10 13:20:50.541497,29.454529286871622,53.045309901875335,0
2024-11-10 13:20:55.541497,26.665848586210814,38.911852151989685,0
2024-11-10 13:21:00.541497,20.00435369979913,49.50966135960755,1
2024-11-10 13:21:05.541497,24.458115147911062,46.54985078161935,1
2024-11-10 13:21:10.541497,20.508662004572763,46.37200083049282,1
2024-11-10 13:21:15.541497,27.07500532347353,34.413228325689566,0
2024-11-10 13:21:20.541497,21.53619219082022,41.59532190090274,1
2024-11-10 13:21:25.541497,20.193624898915523,38.71759724504013,1
2024-11-10 13:21:30.541497,28.446735091189765,54.63856570903242,0
2024-11-10 13:21:35.541497,25.99738420225292,43.05628602607558,0
2024-11-10 13:21:40.541497,29.525927931572383,39.07980142629878,0
2024-11-10 13:21:45.541497,24.068298904735187,57.204958849983456,0
2024-11-10 13:21:50.541497,23.451741280372065,40.41354488239478,1
2024-11-10 13:21:55.541497,29.82771959289097,48.16027911620181,0
2024-11-10 13:22:00.541497,28.160336481727924,56.97938461294889,0
2024-11-10 13:22:05.541497,20.72123397856699,36.40506950172279,1
2024-11-10 13:22:10.541497,24.803486202562237,59.09987317702954,0
2024-11-10 13:22:15.541497,22.416781072010117,51.785625662369256,0
2024-11-10 13:22:20.541497,21.42853046959263,44.42002730176877,1
2024-11-10 13:22:25.541497,27.65642053764448,40.3182804795517,0
2024-11-10 13:22:30.541497,26.885757645294586,41.993890211211486,0
2024-11-10 13:22:35.541497,23.25499997200483,58.85220779765267,0
2024-11-10 13:22:40.541497,28.327378639832343,44.28026404983708,0
2024-11-10 13:22:45.541497,21.47637630298086,32.6593223887179,1
2024-11-10 13:22:50.541497,23.31262772512027,38.92301522009363,1
2024-11-10 13:22:55.541497,29.46019582607627,34.12689342677991,0
2024-11-10 13:23:00.541497,28.34190520457861,45.05521146670329,0
2024-11-10 13:23:05.541497,24.81652006985645,33.94526480935731,1
2024-11-10 13:23:10.541497,22.744086513088934,30.202663071947736,1
2024-11-10 13:23:15.541497,27.886830256232017,55.4578665229392,0
2024-11-10 13:23:20.541497,25.286516112386288,43.6536206617772,0
2024-11-10 13:23:25.541497,22.075636951862624,50.47224486846898,0
2024-11-10 13:23:30.541497,20.65416386582909,34.50581796735298,1
2024-11-10 13:23:35.541497,29.57375403826877,43.88934879265974,0
2024-11-10 13:23:40.541497,29.419218515191275,56.16129899983315,0
2024-11-10 13:23:45.541497,25.41881045018197,53.920935408367285,0
2024-11-10 13:23:50.541497,22.81688852040096,52.74762313437418,0
2024-11-10 13:23:55.541497,22.298410130851373,34.416302166566815,1
2024-11-10 13:24:00.541497,20.96676563818339,58.61666439886358,0
2024-11-10 13:24:05.541497,27.20518701294818,31.437788995443064,0
2024-11-10 13:24:10.541497,22.84326222617844,38.31450868474726,1
2024-11-10 13:24:15.541497,28.397784494981813,56.23080936923259,0
2024-11-10 13:24:20.541497,24.594892106352628,51.36495839436951,0
2024-11-10 13:24:25.541497,22.42613307018456,54.76917880481662,0
2024-11-10 13:24:30.541497,20.479017932968915,52.14470833222358,0
2024-11-10 13:24:35.541497,22.329472896462903,41.0989090812684,1
2024-11-10 13:24:40.541497,22.318437298142836,54.46039943171942,0
2024-11-10 13:24:45.541497,22.320843740855945,44.48607894271549,1
2024-11-10 13:24:50.541497,27.097994754892504,53.05494972657255,0
2024-11-10 13:24:55.541497,20.473299833751263,42.05890569344,1
2024-11-10 13:25:00.541497,20.242717798723877,44.96163062273793,1
2024-11-10 13:25:05.541497,28.765740335615376,55.08342252364144,0
2024-11-10 13:25:10.541497,25.94724952820905,47.33760150515432,0
2024-11-10 13:25:15.541497,20.9462736419065,32.710444146246815,1
2024-11-10 13:25:20.541497,24.12586476726073,31.78853971212564,1
2024-11-10 13:25:25.541497,26.880634422363386,56.65905912540155,0
2024-11-10 13:25:30.541497,26.727654365680102,44.54894806203092,0
2024-11-10 13:25:35.541497,23.599886417253177,33.79658737003798,1
2024-11-10 13:25:40.541497,22.764695838920293,36.10663364497319,1
2024-11-10 13:25:45.541497,28.32850473817765,33.453940017525255,0
2024-11-10 13:25:50.541497,23.907633651800268,31.214567335738685,1
2024-11-10 13:25:55.541497,25.52504126793159,49.34442584100705,0
2024-11-10 13:26:00.541497,29.672773890641587,45.91729955078392,0
2024-11-10 13:26:05.541497,23.0859482194588,34.20852209187715,1
2024-11-10 13:26:10.541497,27.48317416710753,46.38603518970753,0
2024-11-10 13:26:15.541497,25.119974428186424,59.1521522277852,0
2024-11-10 13:26:20.541497,28.5097427011138,39.092559813137655,0
2024-11-10 13:26:25.541497,29.162178603646858,39.86976006162227,0
2024-11-10 13:26:30.541497,22.811032820388817,57.18612123381882,0
2024-11-10 13:26:35.541497,24.070241543958847,36.478676717785056,1
2024-11-10 13:26:40.541497,29.13310098161972,32.04121135728268,0
2024-11-10 13:26:45.541497,25.231573313813502,59.27383160352646,0
2024-11-10 13:26:50.541497,28.08735712788281,42.94159286388049,0
2024-11-10 13:26:55.541497,26.186005778992584,59.85386515538655,0
2024-11-10 13:27:00.541497,22.90740940783848,41.05105291251708,1
2024-11-10 13:27:05.541497,24.33400149832126,31.64473184278449,1
2024-11-10 13:27:10.541497,20.236871690270803,31.444199531910108,1
2024-11-10 13:27:15.541497,20.76479261047072,50.67052919484634,0
2024-11-10 13:27:20.541497,24.17089314355612,36.92276252788892,1
2024-11-10 13:27:25.541497,23.177991910402262,57.93390487231595,0
2024-11-10 13:27:30.541497,24.47123741336385,42.80513064704526,1
2024-11-10 13:27:35.541497,26.69859590653721,39.95958033012395,0
2024-11-10 13:27:40.541497,21.210511421282696,49.89528819948008,1
2024-11-10 13:27:45.541497,23.487815735778128,57.976719852540256,0
2024-11-10 13:27:50.541497,29.24429580445151,42.46027947407215,0
2024-11-10 13:27:55.541497,22.648716848541444,54.381734591408616,0
2024-11-10 13:28:00.541497,21.51254153565163,43.60030320996866,1
2024-11-10 13:28:05.541497,24.80714942642041,54.24690381928989,0
2024-11-10 13:28:10.541497,22.576340570702936,50.80857477675781,0
2024-11-10 13:28:15.541497,24.159137608715323,30.692522962216117,1
2024-11-10 13:28:20.541497,29.260718198786755,39.23302467496887,0
2024-11-10 13:28:25.541497,22.255446853650064,58.83023378537322,0
2024-11-10 13:28:30.541497,20.419590945795942,36.414314621916056,1
2024-11-10 13:28:35.541497,21.90319101654317,45.879762901368096,1
2024-11-10 13:28:40.541497,23.137802190274453,43.314212096463926,1
2024-11-10 13:28:45.541497,29.77497554659719,52.95268869628481,0
2024-11-10 13:28:50.541497,24.497941706901248,54.25633423294001,0
2024-11-10 13:28:55.541497,25.11955050570841,53.90657877287239,0
2024-11-10 13:29:00.541497,25.01298678647973,31.9055298317662,0
2024-11-10 13:29:05.541497,29.373932955994125,51.55412071653841,0
2024-11-10 13:29:10.541497,25.804118646989508,47.751459006811565,0
2024-11-10 13:29:15.541497,20.699862605175213,36.95814721403262,1
2024-11-10 13:29:20.541497,23.477237410958587,58.69543783419397,0
2024-11-10 13:29:25.541497,24.072019386376677,36.01415234507483,1
2024-11-10 13:29:30.541497,20.8633186868066,33.371789017489505,1
2024-11-10 13:29:35.541497,25.587983504615664,44.024645493179854,0
2024-11-10 13:29:40.541497,27.18041589423697,53.98177713568312,0
2024-11-10 13:29:45.541497,28.376757804594245,56.82771391245054,0
2024-11-10 13:29:50.541497,28.50804298478256,55.71768855115809,0
2024-11-10 13:29:55.541497,23.36760834449532,37.61143657522811,1
2024-11-10 13:30:00.541497,21.297805472005383,45.1232347497292,1
2024-11-10 13:30:05.541497,28.811382515139314,58.26051233300045,0
2024-11-10 13:30:10.541497,29.002688635231763,55.23314629472378,0
2024-11-10 13:30:15.541497,29.25926405878091,48.2748735343332,0
2024-11-10 13:30:20.541497,21.707596234368477,54.38371263690072,0
2024-11-10 13:30:25.541497,22.15905870161261,30.810889393398423,1
2024-11-10 13:30:30.541497,23.897919911576107,56.58831204252189,0
2024-11-10 13:30:35.541497,26.60025689489029,38.90008047989549,0
2024-11-10 13:30:40.541497,26.974377669650192,34.33407154521128,0
2024-11-10 13:30:45.541497,20.124365578518866,31.981607315329864,1
2024-11-10 13:30:50.541497,24.55933720360956,44.31881316198904,1
2024-11-10 13:30:55.541497,27.90817805798935,50.70084645293336,0
2024-11-10 13:31:00.541497,20.352287310267783,50.42425233897421,0
2024-11-10 13:31:05.541497,27.84841501440276,36.309833094814,0
2024-11-10 13:31:10.541497,24.25432680412736,33.815560806662866,1
2024-11-10 13:31:15.541497,20.62746139859949,48.43307788894164,1
2024-11-10 13:31:20.541497,21.07862276975921,58.99672119895936,0
2024-11-10 13:31:25.541497,23.5317929682081,37.45022191520849,1
2024-11-10 13:31:30.541497,22.849828413584227,32.32724151423935,1
2024-11-10 13:31:35.541497,20.412411546683057,46.00455492784879,1
2024-11-10 13:31:40.541497,25.92284447501972,32.87767120576532,0
2024-11-10 13:31:45.541497,25.544291190948236,50.98417784624285,0
2024-11-10 13:31:50.541497,24.417587755131624,48.945384971376406,1
2024-11-10 13:31:55.541497,23.263862419456004,48.6887444418893,1
2024-11-10 13:32:00.541497,26.01892715858713,43.2282053179552,0
2024-11-10 13:32:05.541497,22.501975984535147,37.70955515913601,1
2024-11-10 13:32:10.541497,24.02388207837759,54.97371156329336,0
2024-11-10 13:32:15.541497,26.245192924141392,40.70041612661026,0
2024-11-10 13:32:20.541497,24.608520712445,53.02758699102623,0
2024-11-10 13:32:25.541497,21.09547815027063,58.77677320781213,0
2024-11-10 13:32:30.541497,20.3497262765168,50.64914624513444,0
2024-11-10 13:32:35.541497,22.145842183397164,59.91956432456283,0
2024-11-10 13:32:40.541497,21.509599832093198,52.830359766813,0
2024-11-10 13:32:45.541497,29.754171252667163,43.38832944558559,0
2024-11-10 13:32:50.541497,29.296306180923366,57.03667720735811,0
2024-11-10 13:32:55.541497,23.377538334507783,58.09640087196306,0
2024-11-10 13:33:00.541497,21.378078291940646,30.78160538512374,1
2024-11-10 13:33:05.541497,28.09868486621049,48.92686051160376,0
2024-11-10 13:33:10.541497,24.300271972368837,46.75425661873057,1
2024-11-10 13:33:15.541497,27.36375623075748,41.525934128224776,0
2024-11-10 13:33:20.541497,20.358449616898497,54.63680118671141,0
2024-11-10 13:33:25.541497,23.7731919864834,30.297707125858587,1
2024-11-10 13:33:30.541497,20.27455445310966,52.2757164068401,0
2024-11-10 13:33:35.541497,20.90570526609549,41.09385606712642,1
2024-11-10 13:33:40.541497,21.902238198975876,49.44008276395206,1
2024-11-10 13:33:45.541497,20.073309641439344,42.34857540365969,1
2024-11-10 13:33:50.541497,25.819468741543915,34.21095193287682,0
2024-11-10 13:33:55.541497,27.940300007281863,43.00409850844685,0
2024-11-10 13:34:00.541497,23.86894276640855,56.13554660244203,0
2024-11-10 13:34:05.541497,29.76698504412313,47.50524773920915,0
2024-11-10 13:34:10.541497,27.179782768983117,34.78389012048542,0
2024-11-10 13:34:15.541497,22.07408971900344,59.98507371154025,0
2024-11-10 13:34:20.541497,27.008459768144775,58.89505570683079,0
2024-11-10 13:34:25.541497,25.519131599687896,54.369491035126245,0
2024-11-10 13:34:30.541497,20.22304426213905,40.259850515855874,1
2024-11-10 13:34:35.541497,21.233712850435683,34.5057084368719,1
2024-11-10 13:34:40.541497,26.025346943945124,49.45680257585176,0
2024-11-10 13:34:45.541497,29.68738115432401,38.99530915247893,0
2024-11-10 13:34:50.541497,27.20108583940295,58.82201798656027,0
2024-11-10 13:34:55.541497,26.848998093353224,36.01021017327482,0
2024-11-10 13:35:00.541497,26.71333424040084,45.394238917347394,0
2024-11-10 13:35:05.541497,24.92466661769929,59.20859197954121,0
2024-11-10 13:35:10.541497,28.74323735450192,53.10243916021979,0
2024-11-10 13:35:15.541497,21.94906496658057,38.76821306707433,1
2024-11-10 13:35:20.541497,27.78877080327453,30.517479609605573,0
2024-11-10 13:35:25.541497,26.921823552954145,46.5768564580608,0
2024-11-10 13:35:30.541497,29.796483941573165,30.16356078451335,0
2024-11-10 13:35:35.541497,21.223563855238247,47.87894296489163,1
2024-11-10 13:35:40.541497,24.43981576146206,53.8348665972344,0
2024-11-10 13:35:45.541497,23.554737986398703,45.10037892724527,1
2024-11-10 13:35:50.541497,24.76667201326742,39.52594819924812,1
2024-11-10 13:35:55.541497,20.501355155736825,34.02865895097604,1
2024-11-10 13:36:00.541497,27.28703470238296,44.7869572704529,0
2024-11-10 13:36:05.541497,20.27878702685928,57.74524475250063,0
2024-11-10 13:36:10.541497,22.773651368297465,51.96916429664772,0
2024-11-10 13:36:15.541497,28.28670973061,49.96455966961652,0
2024-11-10 13:36:20.541497,22.61400141542913,41.60379489525313,1
2024-11-10 13:36:25.541497,25.91918542342744,40.34674520490803,0
2024-11-10 13:36:30.541497,20.44153257548327,40.26195902128933,1
2024-11-10 13:36:35.541497,26.13374181677835,39.63659975652037,0
2024-11-10 13:36:40.541497,26.735134663531785,59.28182713424286,0
2024-11-10 13:36:45.541497,27.19259357592474,40.59920409180748,0
2024-11-10 13:36:50.541497,26.804094111220213,57.06091987833384,0
2024-11-10 13:36:55.541497,27.211923592751983,50.8494132856449,0
2024-11-10 13:37:00.541497,28.53896902615248,55.92491179765993,0
2024-11-10 13:37:05.541497,24.99771075716508,59.93479487516188,0
2024-11-10 13:37:10.541497,20.658627913414445,50.84926937891901,0
2024-11-10 13:37:15.541497,26.13105296293628,30.109641386200927,0
2024-11-10 13:37:20.541497,28.60600093712122,43.39494980341112,0
2024-11-10 13:37:25.541497,20.83798848601596,41.8548299215849,1
2024-11-10 13:37:30.541497,24.645962000086374,43.96160140351212,1
2024-11-10 13:37:35.541497,27.712369058561517,36.03052945945195,0
2024-11-10 13:37:40.541497,26.9857313212802,33.94341283087422,0
2024-11-10 13:37:45.541497,27.624166886615043,47.01333394554656,0
2024-11-10 13:37:50.541497,24.622856144014328,38.75967867293578,1
2024-11-10 13:37:55.541497,22.87420061318393,57.757345041842,0
2024-11-10 13:38:00.541497,23.74100060941184,32.528674914846896,1
2024-11-10 13:38:05.541497,23.893769221705725,54.43163766290378,0
2024-11-10 13:38:10.541497,27.447660527246647,44.60165969409838,0
2024-11-10 13:38:15.541497,28.804531539175837,58.99287331313172,0
2024-11-10 13:38:20.541497,20.883228432894192,45.09706131549427,1
2024-11-10 13:38:25.541497,28.134077815669947,30.43601395824426,0
2024-11-10 13:38:30.541497,29.648038247900367,53.35441625604687,0
2024-11-10 13:38:35.541497,28.749060418633647,57.9816265863913,0
2024-11-10 13:38:40.541497,28.796889554875374,57.40089539310313,0
2024-11-10 13:38:45.541497,23.47956674228945,57.79303722889795,0
2024-11-10 13:38:50.541497,20.96549111640131,40.23237611253326,1
2024-11-10 13:38:55.541497,25.21008352741429,46.02750505369316,0
2024-11-10 13:39:00.541497,20.88972901146023,40.840108568589805,1
2024-11-10 13:39:05.541497,26.91862966699081,36.58775607727426,0
2024-11-10 13:39:10.541497,22.43561518202259,39.11882659363936,1
2024-11-10 13:39:15.541497,20.86903036302258,47.552460202592016,1
2024-11-10 13:39:20.541497,28.426866719216207,49.149570614877206,0
2024-11-10 13:39:25.541497,24.389615163148186,47.0031676321584,1
2024-11-10 13:39:30.541497,21.41657725860139,35.85400721215685,1
2024-11-10 13:39:35.541497,29.80182995180145,49.92337628470883,0
2024-11-10 13:39:40.541497,21.112089128459736,35.727172696428056,1
2024-11-10 13:39:45.541497,24.78097115092062,42.82057764441067,1
2024-11-10 13:39:50.541497,26.48137967322481,57.16761320815996,0
2024-11-10 13:39:55.541497,21.212747713944378,35.260571710324385,1
2024-11-10 13:40:00.541497,24.61579911215091,50.33496180016658,0
2024-11-10 13:40:05.541497,28.537942016064537,54.06513946387523,0
2024-11-10 13:40:10.541497,29.71208251300747,31.849580806531694,0
2024-11-10 13:40:15.541497,23.131233711632373,59.797849829240086,0
2024-11-10 13:40:20.541497,28.76146484503688,43.89385559661588,0
2024-11-10 13:40:25.541497,21.822214018877364,46.19091440277938,1
2024-11-10 13:40:30.541497,29.48707549227027,30.640532402668544,0
2024-11-10 13:40:35.541497,24.45364895860851,43.66405404125018,1
2024-11-10 13:40:40.541497,29.03606735582027,58.43865662855606,0
2024-11-10 13:40:45.541497,28.089041518629685,40.34987999684612,0
2024-11-10 13:40:50.541497,28.55227030049207,41.3904826922168,0
2024-11-10 13:40:55.541497,28.36551617327921,35.35728773466976,0
2024-11-10 13:41:00.541497,26.01333017361569,42.43204338258373,0
2024-11-10 13:41:05.541497,26.585235095705507,47.68310272589518,0
2024-11-10 13:41:10.541497,24.71004999530009,53.44644955388416,0
2024-11-10 13:41:15.541497,28.69254543030465,44.03838815999249,0
2024-11-10 13:41:20.541497,21.68918995224938,34.20775778954773,1
2024-11-10 13:41:25.541497,25.19380294754234,41.28907829524566,0
2024-11-10 13:41:30.541497,21.09745381610968,37.13725932525268,1
2024-11-10 13:41:35.541497,29.472324910041003,38.25925525889751,0
2024-11-10 13:41:40.541497,20.225250542425695,33.99188183573296,1
2024-11-10 13:41:45.541497,25.64882104021278,43.40011947509251,0
2024-11-10 13:41:50.541497,23.16712611534479,45.39737803790051,1
2024-11-10 13:41:55.541497,26.498879194928826,38.35803700312974,0
2024-11-10 13:42:00.541497,20.6912285135322,58.57745162986954,0
2024-11-10 13:42:05.541497,28.49647383421625,39.84291743896237,0
2024-11-10 13:42:10.541497,27.517414094068616,47.05731713279529,0
2024-11-10 13:42:15.541497,29.79229890599474,51.45796052710037,0
2024-11-10 13:42:20.541497,29.271040900282784,54.30529675779316,0
2024-11-10 13:42:25.541497,22.888714465015745,47.296312769422414,1
2024-11-10 13:42:30.541497,21.964535652935137,51.034662801847205,0
2024-11-10 13:42:35.541497,26.254339395113902,31.777867809836064,0
2024-11-10 13:42:40.541497,26.724360285360167,48.40049299149536,0
2024-11-10 13:42:45.541497,24.48525960545746,45.90086826098757,1
2024-11-10 13:42:50.541497,29.621153113248088,30.5539975055156,0
2024-11-10 13:42:55.541497,22.293011644422208,38.42985903771179,1
2024-11-10 13:43:00.541497,23.904105624631647,45.16234555061949,1
2024-11-10 13:43:05.541497,27.28899831125764,58.67519237365293,0
2024-11-10 13:43:10.541497,27.007171583821595,56.94322395877498,0
2024-11-10 13:43:15.541497,22.077484293582085,39.51990974164652,1
2024-11-10 13:43:20.541497,29.49940547757334,45.30289692715522,0
2024-11-10 13:43:25.541497,23.92465666709661,39.27592511713711,1
2024-11-10 13:43:30.541497,20.051426195067084,47.00411628861813,1
2024-11-10 13:43:35.541497,25.115623615679848,45.2055321771619,0
2024-11-10 13:43:40.541497,28.97985225065387,30.82872200312272,0
2024-11-10 13:43:45.541497,22.059425656219155,39.03646065642592,1
2024-11-10 13:43:50.541497,27.396460163033,31.044839748923707,0
2024-11-10 13:43:55.541497,22.42651203773499,54.85368563997281,0
2024-11-10 13:44:00.541497,22.127580236767457,36.806697150033,1
2024-11-10 13:44:05.541497,23.52127536233471,42.875554144497286,1
2024-11-10 13:44:10.541497,29.839757340477306,51.84756196975138,0
2024-11-10 13:44:15.541497,26.458416393548934,55.931944044105,0
2024-11-10 13:44:20.541497,21.265965009301397,39.52569063034453,1
2024-11-10 13:44:25.541497,25.700813932180967,56.93866819328738,0
2024-11-10 13:44:30.541497,28.760035214707514,30.35760027345069,0
2024-11-10 13:44:35.541497,25.295711793249342,53.26668788157493,0
2024-11-10 13:44:40.541497,27.879685699792727,54.59943310116364,0
2024-11-10 13:44:45.541497,20.04344039557837,46.00013914548951,1
2024-11-10 13:44:50.541497,21.57283585303937,33.31357639712059,1
2024-11-10 13:44:55.541497,28.66698963315085,36.31277271998086,0
2024-11-10 13:45:00.541497,20.021676791447312,31.480253156799183,1
2024-11-10 13:45:05.541497,20.20075766153923,38.22933167308948,1
2024-11-10 13:45:10.541497,21.112147896579728,35.41660904845871,1
2024-11-10 13:45:15.541497,27.965505400235635,41.69731586394616,0
2024-11-10 13:45:20.541497,25.079271880758967,41.61562126174107,0
2024-11-10 13:45:25.541497,25.008151294032285,34.42632712855052,0
2024-11-10 13:45:30.541497,25.000999774429555,30.498165163919936,0
2024-11-10 13:45:35.541497,24.199776339808263,44.01417421191338,1
2024-11-10 13:45:40.541497,23.350635633646608,35.61480664249785,1
2024-11-10 13:45:45.541497,20.564588020163807,52.77281715828846,0
2024-11-10 13:45:50.541497,21.655133265361243,42.781780122452034,1
2024-11-10 13:45:55.541497,24.180864259474617,48.13159056009377,1
2024-11-10 13:46:00.541497,29.376823600435053,42.960065557569806,0
2024-11-10 13:46:05.541497,23.57952901376477,59.242197476516566,0
2024-11-10 13:46:10.541497,21.27321157345979,37.80136757982372,1
2024-11-10 13:46:15.541497,22.64864654181226,33.66418082570996,1
2024-11-10 13:46:20.541497,23.812222486425195,53.72354107642611,0
2024-11-10 13:46:25.541497,20.53222537519417,55.715224773064655,0
2024-11-10 13:46:30.541497,26.32630707597103,46.26285799016975,0
2024-11-10 13:46:35.541497,25.57643314607327,45.136948414578725,0
2024-11-10 13:46:40.541497,20.15466064774289,43.98461323275106,1
2024-11-10 13:46:45.541497,24.913920297882555,45.52304469763399,1
2024-11-10 13:46:50.541497,22.215176469282422,56.913960436126345,0
2024-11-10 13:46:55.541497,26.85665223756643,39.74559051474951,0
2024-11-10 13:47:00.541497,21.139496872544356,30.84311558743981,1
2024-11-10 13:47:05.541497,29.32873284217679,41.59025616434792,0
2024-11-10 13:47:10.541497,29.505179582412115,32.030602995993775,0
2024-11-10 13:47:15.541497,28.616097320797373,36.55665600564977,0
2024-11-10 13:47:20.541497,23.41143297414045,53.40224484521005,0
2024-11-10 13:47:25.541497,22.68865177636033,40.70693634747022,1
2024-11-10 13:47:30.541497,21.72014050694355,42.611768996235305,1
2024-11-10 13:47:35.541497,23.682191289684653,39.14509265268445,1
2024-11-10 13:47:40.541497,26.59111883236905,31.49668962835777,0
2024-11-10 13:47:45.541497,20.023409396041085,40.06135113411911,1
2024-11-10 13:47:50.541497,25.71616371714024,43.160378776569154,0
2024-11-10 13:47:55.541497,25.298266753115477,34.5247872984312,0
2024-11-10 13:48:00.541497,24.66295267671056,38.6023039668489,1
2024-11-10 13:48:05.541497,28.729579804727717,46.00579751552938,0
2024-11-10 13:48:10.541497,24.598033652989415,56.92052976228138,0
2024-11-10 13:48:15.541497,24.31987862107248,51.46125821975184,0
2024-11-10 13:48:20.541497,21.113955934980552,42.64244204192968,1
2024-11-10 13:48:25.541497,29.892577648650487,49.68711812026031,0
2024-11-10 13:48:30.541497,21.83696092575402,38.42747362735725,1
2024-11-10 13:48:35.541497,23.38230479320018,39.98722793901402,1
2024-11-10 13:48:40.541497,24.404692552181903,41.7224435834688,1
2024-11-10 13:48:45.541497,22.855394474069826,44.725311647482805,1
2024-11-10 13:48:50.541497,27.53653825166437,40.25437234858487,0
2024-11-10 13:48:55.541497,26.990300847405567,47.40782163447696,0
2024-11-10 13:49:00.541497,26.0711359189644,53.76137082700883,0
2024-11-10 13:49:05.541497,22.745915064859847,40.9746670761288,1
2024-11-10 13:49:10.541497,27.6508517073768,50.92796576486927,0
2024-11-10 13:49:15.541497,23.99828435673628,40.61254764389744,1
2024-11-10 13:49:20.541497,28.14258161330356,50.45650803545962,0
2024-11-10 13:49:25.541497,26.64417346432474,45.79598147852237,0
2024-11-10 13:49:30.541497,21.545001396907573,59.552181660309785,0
2024-11-10 13:49:35.541497,25.54809444774395,34.56886225814661,0
2024-11-10 13:49:40.541497,25.292700616179037,41.45495259857204,0
2024-11-10 13:49:45.541497,20.375579371052133,59.60681726062624,0
2024-11-10 13:49:50.541497,28.721275062713755,56.6638691900023,0
2024-11-10 13:49:55.541497,24.410908158106626,54.682837470512126,0
2024-11-10 13:50:00.541497,28.649229885031684,47.60796633789138,0
2024-11-10 13:50:05.541497,20.82473843578884,42.90097292216869,1
2024-11-10 13:50:10.541497,20.6032437412581,49.45010581873575,1
2024-11-10 13:50:15.541497,28.057089412123425,37.06119594495136,0
2024-11-10 13:50:20.541497,22.934365579720613,34.93345160736174,1
2024-11-10 13:50:25.541497,25.71786922698045,46.43686840364113,0
2024-11-10 13:50:30.541497,22.286115983181407,53.2533006787585,0
2024-11-10 13:50:35.541497,27.995454154820475,55.34677311257231,0
2024-11-10 13:50:40.541497,29.22576579302239,33.21581859047982,0
2024-11-10 13:50:45.541497,26.43084938383149,39.090201920465205,0
2024-11-10 13:50:50.541497,29.433306128636197,38.42772280627156,0
2024-11-10 13:50:55.541497,24.150847418929217,37.7528851504334,1
2024-11-10 13:51:00.541497,24.787781598682837,57.44027645675183,0
2024-11-10 13:51:05.541497,28.07393876770343,44.49378885083519,0
2024-11-10 13:51:10.541497,22.35078763600112,57.12635155939018,0
2024-11-10 13:51:15.541497,22.507851100545672,36.95137528873571,1
2024-11-10 13:51:20.541497,29.69861693275721,47.489212111928296,0
2024-11-10 13:51:25.541497,26.26162938008971,32.33426046950822,0
2024-11-10 13:51:30.541497,21.61804078273302,31.6938276889517,1
2024-11-10 13:51:35.541497,26.174362073921085,52.3033046653129,0
2024-11-10 13:51:40.541497,28.37743002494385,58.40652200734479,0
2024-11-10 13:51:45.541497,28.18326813417901,32.216513428775166,0
2024-11-10 13:51:50.541497,21.341720857149337,31.54281260771788,1
2024-11-10 13:51:55.541497,28.128558364788155,48.49198124633417,0
2024-11-10 13:52:00.541497,28.26800855067662,37.48777948796344,0
2024-11-10 13:52:05.541497,29.75497547021808,37.61304618755904,0
2024-11-10 13:52:10.541497,23.513540124849865,33.479469478094806,1
2024-11-10 13:52:15.541497,22.302284814328416,45.56169129460689,1
2024-11-10 13:52:20.541497,29.288949117976536,36.86001987603813,0
2024-11-10 13:52:25.541497,22.214238737479175,40.09028084370215,1
2024-11-10 13:52:30.541497,20.406008718164696,47.55474277972496,1
2024-11-10 13:52:35.541497,24.680781533547,32.467497614473736,1
2024-11-10 13:52:40.541497,22.28378888010176,51.09353076881866,0
2024-11-10 13:52:45.541497,23.02625332009722,57.02113848151444,0
2024-11-10 13:52:50.541497,26.91828068628092,40.859017667023984,0
2024-11-10 13:52:55.541497,22.947281564139065,56.85259595714044,0
2024-11-10 13:53:00.541497,29.25082715243959,50.75191956378068,0
2024-11-10 13:53:05.541497,22.25618847548644,59.1874724900548,0
2024-11-10 13:53:10.541497,29.390834919923066,49.170390480957984,0
2024-11-10 13:53:15.541497,22.873221815596068,59.37440718464951,0
2024-11-10 13:53:20.541497,25.4473165187809,36.450627416821526,0
2024-11-10 13:53:25.541497,23.384278338542583,44.621962806254224,1
2024-11-10 13:53:30.541497,20.249427068357157,39.32892844110008,1
2024-11-10 13:53:35.541497,28.95779745869472,46.85745797742959,0
2024-11-10 13:53:40.541497,22.03845645532314,58.42070138382576,0
2024-11-10 13:53:45.541497,22.151472423580245,54.43494305343954,0
